attribute	value	count	share_of_words
Case	Nom	1419146	0.249480
Case	Cpd	841052	0.147853
Case	Acc	742293	0.130492
Case	Ins	277143	0.048721
Case	Gen	270763	0.047599
Case	Loc	243215	0.042756
Case	Voc	81088	0.014255
Case	Abl	74565	0.013108
Case	Dat	65423	0.011501
Formation	root	5690	0.001000
Formation	peri	5386	0.000947
Formation	them	2781	0.000489
Formation	s	1508	0.000265
Formation	is	1077	0.000189
Formation	red	833	0.000146
Formation	sa	124	0.000022
Formation	sis	41	0.000007
Gender	Masc	1764593	0.310208
Gender	Neut	836363	0.147029
Gender	Fem	468990	0.082447
Mood	Ind	364771	0.064125
Mood	Opt	91912	0.016158
Mood	Imp	56506	0.009934
Mood	Jus	5258	0.000924
Mood	Sub	4325	0.000760
Mood	Prec	577	0.000101
Mood	Cond	340	0.000060
Mood	Pot	32	0.000006
Number	Sing	2901487	0.510069
Number	Plur	716851	0.126019
Number	Dual	79019	0.013891
Person	3	420305	0.073888
Person	2	63865	0.011227
Person	1	39551	0.006953
Tense	Pres	417424	0.073381
Tense	Past	111167	0.019543
Tense	Impf	46695	0.008209
Tense	Fut	23131	0.004066
Tense	Plp	167	0.000029
Tense	Pqp	33	0.000006
VerbForm	Part	341556	0.060044
VerbForm	Conv	102054	0.017941
VerbForm	Gdv	28260	0.004968
VerbForm	Inf	11753	0.002066
Voice	Pass	36701	0.006452
