left_end	right_start	class	count	share
a	a	vowel+vowel (hiatus)	156835	0.106373
a	ā	vowel+vowel (hiatus)	65756	0.044599
a	p	vowel-final	59802	0.040561
a	v	vowel-final	59295	0.040217
a	s	vowel-final	58547	0.039710
a	k	vowel-final	44115	0.029921
a	u	vowel+vowel (hiatus)	42381	0.028745
a	e	vowel+vowel (hiatus)	40064	0.027173
ḥ	t	visarga-final	36809	0.024966
ḥ	c	visarga-final	35124	0.023823
ā	a	vowel+vowel (hiatus)	33411	0.022661
a	d	vowel-final	33333	0.022608
a	m	vowel-final	31111	0.021101
a	b	vowel-final	25806	0.017503
a	t	vowel-final	25790	0.017492
a	i	vowel+vowel (hiatus)	24969	0.016935
a	ś	vowel-final	23992	0.016273
i	a	vowel+vowel (hiatus)	22680	0.015383
a	g	vowel-final	21979	0.014907
m	a	vowel-initial	20622	0.013987
a	r	vowel-final	19083	0.012943
a	n	vowel-final	17787	0.012064
a	j	vowel-final	15525	0.010530
i	i	vowel+vowel (hiatus)	13036	0.008842
ā	i	vowel+vowel (hiatus)	11817	0.008015
a	c	vowel-final	11633	0.007890
ā	e	vowel+vowel (hiatus)	10592	0.007184
a	l	vowel-final	10441	0.007082
a	h	vowel-final	10434	0.007077
a	y	vowel-final	9897	0.006713
ā	ā	vowel+vowel (hiatus)	9232	0.006262
m	ā	vowel-initial	9223	0.006256
ḥ	a	visarga-final	9124	0.006188
u	a	vowel+vowel (hiatus)	8374	0.005680
ā	u	vowel+vowel (hiatus)	8342	0.005658
t	c	consonant+consonant	7997	0.005424
i	s	vowel-final	7512	0.005095
t	a	vowel-initial	7199	0.004883
m	i	vowel-initial	7198	0.004882
i	p	vowel-final	7092	0.004810
m	e	vowel-initial	7063	0.004790
t	t	consonant+consonant	6755	0.004582
m	u	vowel-initial	6569	0.004455
i	e	vowel+vowel (hiatus)	6445	0.004371
i	v	vowel-final	6283	0.004261
i	u	vowel+vowel (hiatus)	6075	0.004120
t	m	consonant+consonant	5926	0.004019
t	p	consonant+consonant	5810	0.003941
t	ś	consonant+consonant	5639	0.003825
ā	p	vowel-final	5349	0.003628
t	s	consonant+consonant	5326	0.003612
i	k	vowel-final	5289	0.003587
t	v	consonant+consonant	5258	0.003566
i	ā	vowel+vowel (hiatus)	5106	0.003463
ā	b	vowel-final	5020	0.003405
t	n	consonant+consonant	4937	0.003349
ā	r	vowel-final	4900	0.003323
u	p	vowel-final	4716	0.003199
ā	v	vowel-final	4562	0.003094
u	s	vowel-final	4187	0.002840
n	c	consonant+consonant	4144	0.002811
i	d	vowel-final	4129	0.002800
u	v	vowel-final	4020	0.002727
a	ṛ	vowel+vowel (hiatus)	4017	0.002725
n	t	consonant+consonant	3941	0.002673
ā	s	vowel-final	3860	0.002618
t	k	consonant+consonant	3773	0.002559
ā	m	vowel-final	3731	0.002531
n	a	vowel-initial	3641	0.002470
_	_	consonant+consonant	3640	0.002469
a	ī	vowel+vowel (hiatus)	3605	0.002445
i	m	vowel-final	3586	0.002432
s	t	sibilant/r-final	3540	0.002401
ḥ	v	visarga-final	3516	0.002385
t	d	consonant+consonant	3493	0.002369
u	m	vowel-final	3471	0.002354
u	k	vowel-final	3427	0.002324
ā	k	vowel-final	3342	0.002267
t	b	consonant+consonant	3161	0.002144
i	t	vowel-final	3041	0.002063
t	h	consonant+consonant	2975	0.002018
u	d	vowel-final	2966	0.002012
d	a	vowel-initial	2966	0.002012
i	ś	vowel-final	2874	0.001949
ā	t	vowel-final	2849	0.001932
ā	d	vowel-final	2805	0.001902
d	p	consonant+consonant	2739	0.001858
i	b	vowel-final	2716	0.001842
ḥ	d	visarga-final	2644	0.001793
u	u	vowel+vowel (hiatus)	2584	0.001753
i	g	vowel-final	2566	0.001740
u	ā	vowel+vowel (hiatus)	2470	0.001675
t	ā	vowel-initial	2406	0.001632
ī	p	vowel-final	2402	0.001629
ḥ	b	visarga-final	2398	0.001626
ḥ	m	visarga-final	2389	0.001620
u	t	vowel-final	2342	0.001588
t	y	consonant+consonant	2331	0.001581
e	a	vowel+vowel (hiatus)	2310	0.001567
i	r	vowel-final	2282	0.001548
t	e	vowel-initial	2268	0.001538
t	j	consonant+consonant	2188	0.001484
ḥ	i	visarga-final	2168	0.001470
u	i	vowel+vowel (hiatus)	2112	0.001432
a	o	vowel+vowel (hiatus)	2053	0.001392
t	u	vowel-initial	2050	0.001390
i	n	vowel-final	2021	0.001371
ā	g	vowel-final	2013	0.001365
u	ś	vowel-final	2001	0.001357
d	k	consonant+consonant	1978	0.001342
n	ā	vowel-initial	1971	0.001337
ḥ	n	visarga-final	1967	0.001334
u	b	vowel-final	1940	0.001316
d	s	consonant+consonant	1939	0.001315
t	i	vowel-initial	1865	0.001265
ī	s	vowel-final	1847	0.001253
a	ū	vowel+vowel (hiatus)	1819	0.001234
d	v	consonant+consonant	1788	0.001213
u	e	vowel+vowel (hiatus)	1745	0.001184
ā	ś	vowel-final	1695	0.001150
d	m	consonant+consonant	1686	0.001144
ī	k	vowel-final	1663	0.001128
ḥ	u	visarga-final	1653	0.001121
ā	y	vowel-final	1653	0.001121
n	n	consonant+consonant	1637	0.001110
t	r	consonant+consonant	1603	0.001087
t	g	consonant+consonant	1578	0.001070
a	_	vowel-final	1572	0.001066
ī	i	vowel+vowel (hiatus)	1535	0.001041
i	j	vowel-final	1535	0.001041
u	n	vowel-final	1532	0.001039
ḥ	y	visarga-final	1491	0.001011
n	m	consonant+consonant	1486	0.001008
s	c	sibilant/r-final	1465	0.000994
ā	n	vowel-final	1449	0.000983
u	g	vowel-final	1418	0.000962
ī	a	vowel+vowel (hiatus)	1409	0.000956
i	h	vowel-final	1404	0.000952
u	r	vowel-final	1389	0.000942
ī	m	vowel-final	1379	0.000935
ḥ	ā	visarga-final	1350	0.000916
ā	ṛ	vowel+vowel (hiatus)	1350	0.000916
i	y	vowel-final	1342	0.000910
s	a	sibilant/r-final	1309	0.000888
n	u	vowel-initial	1275	0.000865
ḥ	e	visarga-final	1205	0.000817
ī	v	vowel-final	1180	0.000800
ī	t	vowel-final	1166	0.000791
r	a	sibilant/r-final	1166	0.000791
t	l	consonant+consonant	1079	0.000732
d	b	consonant+consonant	1074	0.000728
ḥ	g	visarga-final	1072	0.000727
i	c	vowel-final	1060	0.000719
d	ā	vowel-initial	1058	0.000718
ī	d	vowel-final	1049	0.000711
d	d	consonant+consonant	1038	0.000704
s	v	sibilant/r-final	1029	0.000698
u	j	vowel-final	1024	0.000695
ā	j	vowel-final	997	0.000676
n	s	consonant+consonant	991	0.000672
d	g	consonant+consonant	951	0.000645
ī	b	vowel-final	934	0.000633
n	p	consonant+consonant	890	0.000604
i	l	vowel-final	875	0.000593
d	t	consonant+consonant	871	0.000591
n	ś	consonant+consonant	857	0.000581
s	s	sibilant/r-final	848	0.000575
ā	c	vowel-final	848	0.000575
ḥ	j	visarga-final	821	0.000557
s	m	sibilant/r-final	818	0.000555
ī	r	vowel-final	810	0.000549
n	v	consonant+consonant	803	0.000545
ī	ś	vowel-final	794	0.000539
d	n	consonant+consonant	788	0.000534
s	p	sibilant/r-final	773	0.000524
ā	h	vowel-final	773	0.000524
n	i	vowel-initial	765	0.000519
ī	g	vowel-final	747	0.000507
d	ś	consonant+consonant	746	0.000506
m	ī	vowel-initial	745	0.000505
s	g	sibilant/r-final	744	0.000505
ḥ	h	visarga-final	731	0.000496
n	d	consonant+consonant	706	0.000479
u	c	vowel-final	705	0.000478
ī	n	vowel-final	693	0.000470
d	r	consonant+consonant	649	0.000440
ī	ā	vowel+vowel (hiatus)	621	0.000421
n	e	vowel-initial	612	0.000415
ī	u	vowel+vowel (hiatus)	604	0.000410
u	h	vowel-final	603	0.000409
d	u	vowel-initial	591	0.000401
u	l	vowel-final	587	0.000398
n	k	consonant+consonant	581	0.000394
r	b	sibilant/r-final	580	0.000393
r	t	sibilant/r-final	572	0.000388
r	m	sibilant/r-final	570	0.000387
u	y	vowel-final	567	0.000385
n	l	consonant+consonant	561	0.000380
ā	l	vowel-final	550	0.000373
s	b	sibilant/r-final	550	0.000373
c	m	consonant+consonant	549	0.000372
i	ī	vowel+vowel (hiatus)	533	0.000362
r	v	sibilant/r-final	508	0.000345
s	d	sibilant/r-final	498	0.000338
d	c	consonant+consonant	478	0.000324
s	ś	sibilant/r-final	471	0.000319
s	k	sibilant/r-final	468	0.000317
r	d	sibilant/r-final	465	0.000315
d	j	consonant+consonant	465	0.000315
ā	ī	vowel+vowel (hiatus)	464	0.000315
n	j	consonant+consonant	464	0.000315
o	m	vowel-final	453	0.000307
a	ṣ	vowel-final	449	0.000305
ī	j	vowel-final	449	0.000305
ṛ	t	vowel-final	445	0.000302
r	c	sibilant/r-final	430	0.000292
ī	c	vowel-final	429	0.000291
n	b	consonant+consonant	424	0.000288
ā	o	vowel+vowel (hiatus)	423	0.000287
ṣ	m	sibilant/r-final	417	0.000283
ṛ	v	vowel-final	413	0.000280
ṛ	p	vowel-final	410	0.000278
ā	ū	vowel+vowel (hiatus)	365	0.000248
ṛ	d	vowel-final	355	0.000241
m	ṛ	vowel-initial	348	0.000236
r	ā	sibilant/r-final	346	0.000235
ī	l	vowel-final	344	0.000233
d	h	consonant+consonant	343	0.000233
r	r	sibilant/r-final	337	0.000229
ḥ	l	visarga-final	334	0.000227
ṛ	s	vowel-final	323	0.000219
s	n	sibilant/r-final	308	0.000209
s	r	sibilant/r-final	303	0.000206
k	p	consonant+consonant	294	0.000199
ū	t	vowel-final	291	0.000197
n	y	consonant+consonant	276	0.000187
ḥ	s	visarga-final	275	0.000187
c	p	consonant+consonant	267	0.000181
ṣ	a	sibilant/r-final	267	0.000181
k	a	vowel-initial	265	0.000180
ḥ	p	visarga-final	262	0.000178
a	ṭ	vowel-final	254	0.000172
d	e	vowel-initial	251	0.000170
k	m	consonant+consonant	250	0.000170
m	ū	vowel-initial	242	0.000164
ñ	t	consonant+consonant	242	0.000164
r	y	sibilant/r-final	230	0.000156
r	e	sibilant/r-final	230	0.000156
r	u	sibilant/r-final	227	0.000154
r	g	sibilant/r-final	226	0.000153
k	s	consonant+consonant	225	0.000153
c	s	consonant+consonant	222	0.000151
o	v	vowel-final	222	0.000151
r	p	sibilant/r-final	220	0.000149
d	y	consonant+consonant	220	0.000149
r	n	sibilant/r-final	218	0.000148
c	a	vowel-initial	218	0.000148
s	y	sibilant/r-final	217	0.000147
c	v	consonant+consonant	215	0.000146
r	s	sibilant/r-final	213	0.000144
ṛ	b	vowel-final	212	0.000144
t	ū	vowel-initial	206	0.000140
d	l	consonant+consonant	205	0.000139
h	p	consonant+consonant	205	0.000139
n	g	consonant+consonant	205	0.000139
r	j	sibilant/r-final	205	0.000139
s	j	sibilant/r-final	198	0.000134
k	v	consonant+consonant	198	0.000134
ṛ	g	vowel-final	197	0.000134
c	d	consonant+consonant	195	0.000132
u	ū	vowel+vowel (hiatus)	194	0.000132
e	ā	vowel+vowel (hiatus)	192	0.000130
j	v	consonant+consonant	191	0.000130
i	ū	vowel+vowel (hiatus)	186	0.000126
d	i	vowel-initial	184	0.000125
ṛ	m	vowel-final	181	0.000123
ī	y	vowel-final	180	0.000122
i	_	vowel-final	178	0.000121
ṛ	c	vowel-final	176	0.000119
k	d	consonant+consonant	174	0.000118
o	p	vowel-final	174	0.000118
ḥ	k	visarga-final	172	0.000117
t	ī	vowel-initial	170	0.000115
o	d	vowel-final	169	0.000115
ṛ	k	vowel-final	167	0.000113
ū	p	vowel-final	165	0.000112
ī	h	vowel-final	163	0.000111
m	p	consonant+consonant	161	0.000109
j	p	consonant+consonant	161	0.000109
ñ	n	consonant+consonant	161	0.000109
ū	v	vowel-final	157	0.000106
t	ṛ	vowel-initial	156	0.000106
c	ā	vowel-initial	155	0.000105
e	e	vowel+vowel (hiatus)	153	0.000104
s	ā	sibilant/r-final	151	0.000102
o	k	vowel-final	150	0.000102
m	v	consonant+consonant	148	0.000100
o	s	vowel-final	147	0.000100
ū	k	vowel-final	146	0.000099
n	r	consonant+consonant	146	0.000099
m	t	consonant+consonant	145	0.000098
ñ	m	consonant+consonant	145	0.000098
r	ś	sibilant/r-final	144	0.000098
i	ṛ	vowel+vowel (hiatus)	143	0.000097
ḥ	ī	visarga-final	141	0.000096
ṣ	p	sibilant/r-final	140	0.000095
s	u	sibilant/r-final	135	0.000092
c	u	vowel-initial	135	0.000092
ṣ	k	sibilant/r-final	135	0.000092
n	h	consonant+consonant	135	0.000092
ṛ	ś	vowel-final	134	0.000091
ī	e	vowel+vowel (hiatus)	130	0.000088
k	u	vowel-initial	130	0.000088
ḥ	ś	visarga-final	128	0.000087
k	b	consonant+consonant	125	0.000085
o	b	vowel-final	125	0.000085
i	ṣ	vowel-final	125	0.000085
ū	m	vowel-final	124	0.000084
r	l	sibilant/r-final	123	0.000083
o	g	vowel-final	122	0.000083
e	i	vowel+vowel (hiatus)	122	0.000083
c	b	consonant+consonant	121	0.000082
i	o	vowel+vowel (hiatus)	121	0.000082
o	a	vowel+vowel (hiatus)	120	0.000081
ṛ	l	vowel-final	120	0.000081
k	e	vowel-initial	120	0.000081
c	k	consonant+consonant	119	0.000081
s	h	sibilant/r-final	119	0.000081
j	a	vowel-initial	114	0.000077
ṣ	r	sibilant/r-final	113	0.000077
o	ś	vowel-final	111	0.000075
m	n	consonant+consonant	110	0.000075
u	ṛ	vowel+vowel (hiatus)	108	0.000073
j	d	consonant+consonant	107	0.000073
k	ā	vowel-initial	106	0.000072
n	ṛ	vowel-initial	103	0.000070
j	s	consonant+consonant	103	0.000070
r	h	sibilant/r-final	102	0.000069
m	o	vowel-initial	101	0.000069
_	a	vowel-initial	99	0.000067
r	i	sibilant/r-final	98	0.000066
ū	b	vowel-final	98	0.000066
ṛ	j	vowel-final	97	0.000066
ā	_	vowel-final	97	0.000066
m	s	consonant+consonant	96	0.000065
_	c	consonant+consonant	95	0.000064
j	k	consonant+consonant	95	0.000064
ś	v	sibilant/r-final	93	0.000063
c	y	consonant+consonant	91	0.000062
h	k	consonant+consonant	91	0.000062
ṣ	v	sibilant/r-final	91	0.000062
c	ś	consonant+consonant	90	0.000061
d	ū	vowel-initial	89	0.000060
ṣ	b	sibilant/r-final	88	0.000060
ṛ	y	vowel-final	86	0.000058
k	t	consonant+consonant	86	0.000058
ṣ	d	sibilant/r-final	86	0.000058
ṛ	a	vowel+vowel (hiatus)	85	0.000058
ṣ	ā	sibilant/r-final	85	0.000058
ū	s	vowel-final	84	0.000057
m	k	consonant+consonant	81	0.000055
u	_	vowel-final	81	0.000055
r	k	sibilant/r-final	80	0.000054
ḥ	r	visarga-final	80	0.000054
j	ā	vowel-initial	79	0.000054
k	k	consonant+consonant	79	0.000054
k	n	consonant+consonant	79	0.000054
ṣ	s	sibilant/r-final	78	0.000053
ḥ	ū	visarga-final	78	0.000053
e	u	vowel+vowel (hiatus)	78	0.000053
ū	g	vowel-final	75	0.000051
k	g	consonant+consonant	75	0.000051
t	ṣ	consonant+consonant	74	0.000050
m	b	consonant+consonant	74	0.000050
ṛ	h	vowel-final	73	0.000050
c	c	consonant+consonant	73	0.000050
j	b	consonant+consonant	70	0.000047
ū	d	vowel-final	69	0.000047
h	t	consonant+consonant	69	0.000047
ś	b	sibilant/r-final	67	0.000045
ṛ	n	vowel-final	66	0.000045
a	ḍ	vowel-final	66	0.000045
o	j	vowel-final	65	0.000044
ū	ś	vowel-final	65	0.000044
j	m	consonant+consonant	62	0.000042
s	l	sibilant/r-final	62	0.000042
ū	n	vowel-final	62	0.000042
m	d	consonant+consonant	61	0.000041
c	n	consonant+consonant	60	0.000041
ś	ś	sibilant/r-final	60	0.000041
ū	j	vowel-final	60	0.000041
u	o	vowel+vowel (hiatus)	59	0.000040
k	y	consonant+consonant	59	0.000040
m	m	consonant+consonant	57	0.000039
m	c	consonant+consonant	57	0.000039
h	c	consonant+consonant	57	0.000039
ī	ī	vowel+vowel (hiatus)	56	0.000038
c	h	consonant+consonant	56	0.000038
c	g	consonant+consonant	55	0.000037
ṣ	ś	sibilant/r-final	55	0.000037
k	ś	consonant+consonant	54	0.000037
_	t	consonant+consonant	52	0.000035
ū	l	vowel-final	52	0.000035
e	t	vowel-final	51	0.000035
o	ā	vowel+vowel (hiatus)	51	0.000035
ṛ	ā	vowel+vowel (hiatus)	50	0.000034
ś	p	sibilant/r-final	50	0.000034
ū	r	vowel-final	50	0.000034
j	g	consonant+consonant	50	0.000034
k	i	vowel-initial	50	0.000034
h	ā	vowel-initial	50	0.000034
ñ	c	consonant+consonant	49	0.000033
m	ś	consonant+consonant	49	0.000033
ś	a	sibilant/r-final	49	0.000033
ś	m	sibilant/r-final	49	0.000033
ḥ	ṛ	visarga-final	49	0.000033
t	_	consonant+consonant	48	0.000033
ḥ	_	visarga-final	48	0.000033
_	i	vowel-initial	48	0.000033
j	ś	consonant+consonant	47	0.000032
_	e	vowel-initial	47	0.000032
k	j	consonant+consonant	47	0.000032
ṛ	r	vowel-final	46	0.000031
n	ī	vowel-initial	46	0.000031
ś	s	sibilant/r-final	46	0.000031
ś	d	sibilant/r-final	45	0.000031
m	g	consonant+consonant	45	0.000031
d	ī	vowel-initial	45	0.000031
ū	u	vowel+vowel (hiatus)	45	0.000031
u	ī	vowel+vowel (hiatus)	44	0.000030
ś	k	sibilant/r-final	44	0.000030
m	j	consonant+consonant	44	0.000030
c	t	consonant+consonant	43	0.000029
ṣ	g	sibilant/r-final	43	0.000029
ṭ	a	vowel-initial	43	0.000029
o	r	vowel-final	41	0.000028
ñ	ś	consonant+consonant	41	0.000028
j	u	vowel-initial	41	0.000028
o	t	vowel-final	40	0.000027
j	j	consonant+consonant	40	0.000027
s	_	sibilant/r-final	39	0.000026
h	v	consonant+consonant	39	0.000026
ū	ā	vowel+vowel (hiatus)	39	0.000026
ū	h	vowel-final	39	0.000026
p	t	consonant+consonant	38	0.000026
ā	ṣ	vowel-final	38	0.000026
e	c	vowel-final	37	0.000025
ḥ	o	visarga-final	37	0.000025
j	c	consonant+consonant	36	0.000024
h	s	consonant+consonant	36	0.000024
n	ū	vowel-initial	36	0.000024
p	d	consonant+consonant	35	0.000024
o	y	vowel-final	34	0.000023
ā	ṭ	vowel-final	34	0.000023
ḥ	ṭ	visarga-final	34	0.000023
c	e	vowel-initial	34	0.000023
ṣ	i	sibilant/r-final	33	0.000022
t	o	vowel-initial	33	0.000022
ṅ	i	vowel-initial	33	0.000022
m	r	consonant+consonant	33	0.000022
c	r	consonant+consonant	33	0.000022
k	c	consonant+consonant	32	0.000022
e	ī	vowel+vowel (hiatus)	32	0.000022
j	n	consonant+consonant	31	0.000021
c	j	consonant+consonant	31	0.000021
k	r	consonant+consonant	31	0.000021
ñ	v	consonant+consonant	31	0.000021
m	y	consonant+consonant	30	0.000020
ṣ	e	sibilant/r-final	30	0.000020
h	a	vowel-initial	29	0.000020
ś	ā	sibilant/r-final	29	0.000020
ū	a	vowel+vowel (hiatus)	29	0.000020
k	h	consonant+consonant	28	0.000019
_	d	consonant+consonant	28	0.000019
e	p	vowel-final	28	0.000019
ñ	s	consonant+consonant	28	0.000019
ū	y	vowel-final	28	0.000019
j	t	consonant+consonant	27	0.000018
u	ṣ	vowel-final	27	0.000018
ṣ	j	sibilant/r-final	27	0.000018
s	i	sibilant/r-final	26	0.000018
h	b	consonant+consonant	26	0.000018
c	i	vowel-initial	26	0.000018
ṣ	t	sibilant/r-final	26	0.000018
s	e	sibilant/r-final	26	0.000018
_	k	consonant+consonant	25	0.000017
ū	c	vowel-final	25	0.000017
d	ṛ	vowel-initial	25	0.000017
e	s	vowel-final	25	0.000017
ñ	p	consonant+consonant	25	0.000017
_	ā	vowel-initial	24	0.000016
ṣ	c	sibilant/r-final	24	0.000016
ś	r	sibilant/r-final	24	0.000016
_	v	consonant+consonant	23	0.000016
_	u	vowel-initial	23	0.000016
h	ś	consonant+consonant	23	0.000016
p	j	consonant+consonant	23	0.000016
ṣ	u	sibilant/r-final	23	0.000016
h	h	consonant+consonant	22	0.000015
a	ṇ	vowel-final	22	0.000015
ñ	k	consonant+consonant	22	0.000015
e	v	vowel-final	22	0.000015
ś	t	sibilant/r-final	21	0.000014
c	ī	vowel-initial	21	0.000014
o	h	vowel-final	21	0.000014
r	ṛ	sibilant/r-final	20	0.000014
d	_	consonant+consonant	20	0.000014
ś	n	sibilant/r-final	20	0.000014
ṭ	i	vowel-initial	20	0.000014
ṭ	m	consonant+consonant	20	0.000014
ñ	b	consonant+consonant	20	0.000014
j	r	consonant+consonant	19	0.000013
ṣ	y	sibilant/r-final	19	0.000013
ñ	a	vowel-initial	19	0.000013
p	b	consonant+consonant	19	0.000013
s	ṣ	sibilant/r-final	19	0.000013
ṃ	p	anusvāra-final	18	0.000012
_	n	consonant+consonant	18	0.000012
h	j	consonant+consonant	17	0.000012
ī	_	vowel-final	17	0.000012
ñ	y	consonant+consonant	17	0.000012
r	ū	sibilant/r-final	17	0.000012
e	n	vowel-final	17	0.000012
ī	ṣ	vowel-final	16	0.000011
r	o	sibilant/r-final	16	0.000011
ś	g	sibilant/r-final	16	0.000011
h	d	consonant+consonant	16	0.000011
m	_	consonant+consonant	16	0.000011
ṛ	_	vowel-final	16	0.000011
_	m	consonant+consonant	15	0.000010
ṣ	ṛ	sibilant/r-final	15	0.000010
e	y	vowel-final	15	0.000010
ś	c	sibilant/r-final	15	0.000010
m	l	consonant+consonant	15	0.000010
e	b	vowel-final	15	0.000010
ṣ	l	sibilant/r-final	15	0.000010
j	i	vowel-initial	15	0.000010
_	p	consonant+consonant	14	0.000009
j	l	consonant+consonant	14	0.000009
o	c	vowel-final	14	0.000009
ṣ	h	sibilant/r-final	14	0.000009
ś	j	sibilant/r-final	14	0.000009
e	d	vowel-final	14	0.000009
p	s	consonant+consonant	14	0.000009
ṭ	v	consonant+consonant	14	0.000009
j	y	consonant+consonant	14	0.000009
ñ	j	consonant+consonant	14	0.000009
m	h	consonant+consonant	14	0.000009
s	ū	sibilant/r-final	14	0.000009
ñ	l	consonant+consonant	14	0.000009
_	b	consonant+consonant	13	0.000009
u	ṭ	vowel-final	13	0.000009
ṅ	v	consonant+consonant	13	0.000009
e	m	vowel-final	13	0.000009
p	p	consonant+consonant	13	0.000009
d	ṣ	consonant+consonant	13	0.000009
j	h	consonant+consonant	12	0.000008
ṣ	n	sibilant/r-final	12	0.000008
ś	i	sibilant/r-final	12	0.000008
p	i	vowel-initial	12	0.000008
i	ṭ	vowel-final	12	0.000008
ṅ	l	consonant+consonant	12	0.000008
ṅ	ā	vowel-initial	12	0.000008
ñ	d	consonant+consonant	12	0.000008
k	ī	vowel-initial	12	0.000008
r	_	sibilant/r-final	11	0.000007
h	m	consonant+consonant	11	0.000007
ṭ	h	consonant+consonant	11	0.000007
l	ā	vowel-initial	11	0.000007
ñ	i	vowel-initial	11	0.000007
ṅ	a	vowel-initial	11	0.000007
h	y	consonant+consonant	11	0.000007
n	o	vowel-initial	11	0.000007
ś	y	sibilant/r-final	11	0.000007
n	_	consonant+consonant	11	0.000007
_	y	consonant+consonant	11	0.000007
e	ś	vowel-final	11	0.000007
o	i	vowel+vowel (hiatus)	11	0.000007
h	u	vowel-initial	10	0.000007
ś	l	sibilant/r-final	10	0.000007
ī	ū	vowel+vowel (hiatus)	10	0.000007
k	l	consonant+consonant	10	0.000007
c	l	consonant+consonant	10	0.000007
o	n	vowel-final	10	0.000007
r	ṣ	sibilant/r-final	10	0.000007
h	g	consonant+consonant	9	0.000006
e	h	vowel-final	9	0.000006
ṅ	s	consonant+consonant	9	0.000006
e	k	vowel-final	9	0.000006
ā	ḍ	vowel-final	9	0.000006
ī	ṭ	vowel-final	9	0.000006
o	l	vowel-final	9	0.000006
d	o	vowel-initial	8	0.000005
c	ū	vowel-initial	8	0.000005
r	ī	sibilant/r-final	8	0.000005
k	ṅ	consonant+consonant	8	0.000005
l	a	vowel-initial	8	0.000005
ṅ	p	consonant+consonant	8	0.000005
ṭ	ā	vowel-initial	8	0.000005
t	ḍ	consonant+consonant	8	0.000005
h	n	consonant+consonant	8	0.000005
ñ	r	consonant+consonant	8	0.000005
ṃ	i	anusvāra-final	8	0.000005
ś	h	sibilant/r-final	8	0.000005
t	ṭ	consonant+consonant	8	0.000005
ś	u	sibilant/r-final	7	0.000005
ḍ	a	vowel-initial	7	0.000005
a	ṅ	vowel-final	7	0.000005
ṅ	y	consonant+consonant	7	0.000005
ṭ	y	consonant+consonant	7	0.000005
ṇ	a	vowel-initial	7	0.000005
n	ṣ	consonant+consonant	7	0.000005
ī	ṛ	vowel+vowel (hiatus)	7	0.000005
h	i	vowel-initial	7	0.000005
ī	o	vowel+vowel (hiatus)	7	0.000005
ṃ	b	anusvāra-final	7	0.000005
p	m	consonant+consonant	7	0.000005
_	g	consonant+consonant	6	0.000004
_	s	consonant+consonant	6	0.000004
ś	e	sibilant/r-final	6	0.000004
e	ṅ	vowel-final	6	0.000004
ṇ	i	vowel-initial	6	0.000004
ñ	g	consonant+consonant	6	0.000004
ṛ	u	vowel+vowel (hiatus)	6	0.000004
e	r	vowel-final	6	0.000004
ṛ	e	vowel+vowel (hiatus)	6	0.000004
ṃ	k	anusvāra-final	6	0.000004
ñ	ā	vowel-initial	6	0.000004
p	a	vowel-initial	5	0.000003
ṅ	u	vowel-initial	5	0.000003
i	ḍ	vowel-final	5	0.000003
ṝ	t	vowel-final	5	0.000003
ṇ	k	consonant+consonant	5	0.000003
i	ṇ	vowel-final	5	0.000003
c	_	consonant+consonant	5	0.000003
ś	ī	sibilant/r-final	5	0.000003
ḍ	h	consonant+consonant	5	0.000003
_	r	consonant+consonant	5	0.000003
ṭ	ṛ	vowel-initial	5	0.000003
_	ś	consonant+consonant	5	0.000003
ñ	e	vowel-initial	5	0.000003
e	j	vowel-final	5	0.000003
u	ḍ	vowel-final	4	0.000003
_	j	consonant+consonant	4	0.000003
ḍ	v	consonant+consonant	4	0.000003
a	ñ	vowel-final	4	0.000003
ñ	ṇ	consonant+consonant	4	0.000003
y	a	vowel-initial	4	0.000003
l	t	consonant+consonant	4	0.000003
ṝ	v	vowel-final	4	0.000003
ṅ	n	consonant+consonant	4	0.000003
s	o	sibilant/r-final	4	0.000003
c	ṛ	vowel-initial	4	0.000003
ṭ	u	vowel-initial	4	0.000003
ṇ	ṇ	consonant+consonant	4	0.000003
ḍ	i	vowel-initial	4	0.000003
ū	ū	vowel+vowel (hiatus)	4	0.000003
ñ	h	consonant+consonant	4	0.000003
ū	i	vowel+vowel (hiatus)	4	0.000003
p	ā	vowel-initial	4	0.000003
ḍ	e	vowel-initial	4	0.000003
ṃ	s	anusvāra-final	4	0.000003
ḍ	ā	vowel-initial	4	0.000003
e	g	vowel-final	4	0.000003
j	e	vowel-initial	4	0.000003
ī	ḍ	vowel-final	4	0.000003
h	o	vowel-initial	4	0.000003
ṭ	e	vowel-initial	4	0.000003
_	l	consonant+consonant	4	0.000003
ś	_	sibilant/r-final	3	0.000002
ḥ	ḍ	visarga-final	3	0.000002
ṣ	_	sibilant/r-final	3	0.000002
k	ṛ	vowel-initial	3	0.000002
y	ā	vowel-initial	3	0.000002
ṃ	m	anusvāra-final	3	0.000002
ṭ	ś	consonant+consonant	3	0.000002
ṝ	s	vowel-final	3	0.000002
ṇ	ā	vowel-initial	3	0.000002
s	ṭ	sibilant/r-final	3	0.000002
s	ṅ	sibilant/r-final	3	0.000002
ñ	ñ	consonant+consonant	3	0.000002
k	ṭ	consonant+consonant	3	0.000002
p	c	consonant+consonant	3	0.000002
v	y	consonant+consonant	3	0.000002
i	ṅ	vowel-final	3	0.000002
ṭ	b	consonant+consonant	3	0.000002
ṭ	t	consonant+consonant	3	0.000002
ṭ	k	consonant+consonant	3	0.000002
h	l	consonant+consonant	3	0.000002
_	ī	vowel-initial	3	0.000002
ñ	u	vowel-initial	3	0.000002
ṃ	u	anusvāra-final	3	0.000002
h	e	vowel-initial	3	0.000002
ḥ	ṣ	visarga-final	3	0.000002
u	ñ	vowel-final	3	0.000002
ṭ	p	consonant+consonant	3	0.000002
e	ū	vowel+vowel (hiatus)	3	0.000002
ṭ	r	consonant+consonant	3	0.000002
e	l	vowel-final	3	0.000002
k	ū	vowel-initial	3	0.000002
e	ṛ	vowel+vowel (hiatus)	3	0.000002
ṅ	e	vowel-initial	3	0.000002
l	v	consonant+consonant	2	0.000001
ṅ	k	consonant+consonant	2	0.000001
v	ā	vowel-initial	2	0.000001
ṭ	d	consonant+consonant	2	0.000001
p	v	consonant+consonant	2	0.000001
ṅ	d	consonant+consonant	2	0.000001
ṇ	v	consonant+consonant	2	0.000001
ṭ	s	consonant+consonant	2	0.000001
ṅ	ś	consonant+consonant	2	0.000001
ṭ	ḍ	consonant+consonant	2	0.000001
l	ṅ	consonant+consonant	2	0.000001
ṅ	h	consonant+consonant	2	0.000001
ṅ	m	consonant+consonant	2	0.000001
ṅ	r	consonant+consonant	2	0.000001
h	r	consonant+consonant	2	0.000001
ś	ū	sibilant/r-final	2	0.000001
ṝ	p	vowel-final	2	0.000001
y	i	vowel-initial	2	0.000001
ā	ṅ	vowel-final	2	0.000001
p	l	consonant+consonant	2	0.000001
ṛ	ṝ	vowel+vowel (hiatus)	2	0.000001
ṅ	ṛ	vowel-initial	2	0.000001
y	v	consonant+consonant	2	0.000001
ṣ	ṭ	sibilant/r-final	2	0.000001
_	ū	vowel-initial	2	0.000001
ū	_	vowel-final	2	0.000001
ṣ	ū	sibilant/r-final	2	0.000001
ḍ	ṛ	vowel-initial	2	0.000001
k	_	consonant+consonant	2	0.000001
ṃ	c	anusvāra-final	2	0.000001
ṃ	h	anusvāra-final	2	0.000001
ṃ	y	anusvāra-final	2	0.000001
k	o	vowel-initial	2	0.000001
e	o	vowel+vowel (hiatus)	2	0.000001
ṛ	ṣ	vowel-final	2	0.000001
ḍ	m	consonant+consonant	2	0.000001
n	ṭ	consonant+consonant	2	0.000001
e	ṣ	vowel-final	2	0.000001
e	_	vowel-final	2	0.000001
m	ṣ	consonant+consonant	2	0.000001
ṝ	_	vowel-final	2	0.000001
k	ṣ	consonant+consonant	2	0.000001
ṣ	ī	sibilant/r-final	2	0.000001
_	h	consonant+consonant	2	0.000001
ṛ	ṛ	vowel+vowel (hiatus)	2	0.000001
ṣ	ṣ	sibilant/r-final	2	0.000001
ḍ	b	consonant+consonant	2	0.000001
v	p	consonant+consonant	1	0.000001
ū	ṛ	vowel+vowel (hiatus)	1	0.000001
ḍ	p	consonant+consonant	1	0.000001
l	ś	consonant+consonant	1	0.000001
ṇ	u	vowel-initial	1	0.000001
h	ī	vowel-initial	1	0.000001
i	ﾱ	vowel-final	1	0.000001
ﾱ	t	consonant+consonant	1	0.000001
u	ṇ	vowel-final	1	0.000001
s	ḍ	sibilant/r-final	1	0.000001
ṇ	n	consonant+consonant	1	0.000001
ṝ	j	vowel-final	1	0.000001
p	n	consonant+consonant	1	0.000001
n	ṇ	consonant+consonant	1	0.000001
ṅ	b	consonant+consonant	1	0.000001
ṅ	t	consonant+consonant	1	0.000001
l	k	consonant+consonant	1	0.000001
ā	ṇ	vowel-final	1	0.000001
m	ṅ	consonant+consonant	1	0.000001
p	ṭ	consonant+consonant	1	0.000001
l	b	consonant+consonant	1	0.000001
ñ	ṭ	consonant+consonant	1	0.000001
ṇ	ḍ	consonant+consonant	1	0.000001
p	ī	vowel-initial	1	0.000001
ṅ	j	consonant+consonant	1	0.000001
l	p	consonant+consonant	1	0.000001
u	ṅ	vowel-final	1	0.000001
t	ṅ	consonant+consonant	1	0.000001
l	i	vowel-initial	1	0.000001
ṇ	l	consonant+consonant	1	0.000001
ṝ	k	vowel-final	1	0.000001
l	m	consonant+consonant	1	0.000001
ṝ	b	vowel-final	1	0.000001
y	ī	vowel-initial	1	0.000001
l	g	consonant+consonant	1	0.000001
p	ś	consonant+consonant	1	0.000001
l	r	consonant+consonant	1	0.000001
ṛ	ṇ	vowel-final	1	0.000001
ñ	ū	vowel-initial	1	0.000001
v	a	vowel-initial	1	0.000001
t	ṇ	consonant+consonant	1	0.000001
ṇ	d	consonant+consonant	1	0.000001
ṝ	d	vowel-final	1	0.000001
ṇ	j	consonant+consonant	1	0.000001
ṝ	m	vowel-final	1	0.000001
ṅ	ṇ	consonant+consonant	1	0.000001
a	ḥ	vowel-final	1	0.000001
j	_	consonant+consonant	1	0.000001
p	g	consonant+consonant	1	0.000001
p	k	consonant+consonant	1	0.000001
ḍ	n	consonant+consonant	1	0.000001
ṃ	ṛ	anusvāra-final	1	0.000001
ḍ	ś	consonant+consonant	1	0.000001
ṃ	ṭ	anusvāra-final	1	0.000001
ṛ	ḍ	vowel-final	1	0.000001
ū	o	vowel+vowel (hiatus)	1	0.000001
ṃ	n	anusvāra-final	1	0.000001
j	ṣ	consonant+consonant	1	0.000001
ḍ	s	consonant+consonant	1	0.000001
ṭ	g	consonant+consonant	1	0.000001
ṛ	ṭ	vowel-final	1	0.000001
ḍ	t	consonant+consonant	1	0.000001
ḍ	k	consonant+consonant	1	0.000001
v	m	consonant+consonant	1	0.000001
ū	ī	vowel+vowel (hiatus)	1	0.000001
v	l	consonant+consonant	1	0.000001
ṭ	ṣ	consonant+consonant	1	0.000001
a	ṝ	vowel+vowel (hiatus)	1	0.000001
v	ī	vowel-initial	1	0.000001
j	ī	vowel-initial	1	0.000001
ṃ	ś	anusvāra-final	1	0.000001
ḍ	ṣ	consonant+consonant	1	0.000001
ṭ	n	consonant+consonant	1	0.000001
r	ṭ	sibilant/r-final	1	0.000001
ḍ	u	vowel-initial	1	0.000001
v	u	vowel-initial	1	0.000001
s	ṛ	sibilant/r-final	1	0.000001
r	ḍ	sibilant/r-final	1	0.000001
s	ī	sibilant/r-final	1	0.000001
_	o	vowel-initial	1	0.000001
ṃ	a	anusvāra-final	1	0.000001
ḍ	d	consonant+consonant	1	0.000001
p	r	consonant+consonant	1	0.000001
v	_	consonant+consonant	1	0.000001
l	d	consonant+consonant	1	0.000001
ḍ	r	consonant+consonant	1	0.000001
_	ṛ	vowel-initial	1	0.000001
ṅ	c	consonant+consonant	1	0.000001
c	ṣ	consonant+consonant	1	0.000001
ṅ	ū	vowel-initial	1	0.000001
ū	e	vowel+vowel (hiatus)	1	0.000001
