text	chapters	sentences	tokens	words	unique_lemmas	sandhi_groups	junctions	unsandhied_cov	wordsem_cov
Mahābhārata	1995	168167	891235	1147887	22427	203717	256652	1.0000	0.0464
Rāmāyaṇa	606	38004	204663	261568	10922	45358	56905	1.0000	0.4001
Ṛgveda	1028	21253	160223	169972	8765	9373	9749	1.0000	0.1366
Suśrutasaṃhitā	186	15906	86651	146721	11158	33952	60070	1.0000	0.2950
Śatapathabrāhmaṇa	240	15402	116427	144139	6076	21552	27712	1.0000	0.0002
Liṅgapurāṇa	163	18462	85726	127599	9938	29346	41873	1.0000	0.0232
Matsyapurāṇa	175	17925	78190	122842	11166	29573	44652	1.0000	0.0357
Skandapurāṇa (Revākhaṇḍa)	231	16478	79316	113333	8239	24917	34017	1.0000	0.0131
Kathāsaritsāgara	44	14962	77517	111298	7285	23370	33781	1.0000	0.0152
Aṣṭāṅgahṛdayasaṃhitā	120	14944	66035	107515	9514	22142	41480	1.0000	0.0602
Carakasaṃhitā	82	8578	54623	94852	8779	22606	40229	1.0000	0.0281
Viṣṇupurāṇa	126	11980	60391	87622	8306	17917	27231	1.0000	0.0210
Harivaṃśa	118	12731	69084	85975	7786	13651	16891	1.0000	0.0000
Bhāratamañjarī	16	12546	53576	85655	7676	20582	32079	1.0000	0.0173
Ānandakanda	35	12074	51561	83818	8234	20794	32257	1.0000	0.0502
Kūrmapurāṇa	95	12213	57022	81928	7888	18042	24906	1.0000	0.0320
Bhāgavatapurāṇa	119	10597	54846	77801	8823	15290	22955	1.0000	0.0262
Garuḍapurāṇa	166	10775	48840	75739	9605	17479	26899	1.0000	0.0105
Atharvaveda (Śaunaka)	519	9105	66273	71249	5988	4714	4976	1.0000	0.0274
Divyāvadāna	20	5802	46619	67449	4830	14119	20830	1.0000	0.0192
Maitrāyaṇīsaṃhitā	353	12008	59083	65375	5498	5722	6292	1.0000	0.0009
Bṛhatkathāślokasaṃgraha	28	9061	47691	62202	6805	10338	14511	1.0000	0.0252
Aitareyabrāhmaṇa	285	4200	50283	55243	4133	4439	4960	1.0000	0.0444
Jaiminīyabrāhmaṇa	389	7472	47432	53735	3747	5644	6303	1.0000	0.0011
Rasaratnākara	39	7455	34864	52761	4188	13137	17897	1.0000	0.7099
Rājanighaṇṭu	35	6851	35378	49969	12633	8678	14591	1.0000	0.1688
Taittirīyasaṃhitā	219	8916	42476	47989	3931	4922	5513	1.0000	0.0001
Aṣṭasāhasrikā	12	2362	29804	43457	2136	9506	13653	1.0000	0.0119
Tantrāloka	19	5444	22193	41311	5080	10408	19118	1.0000	0.0031
Baudhāyanaśrautasūtra	174	4523	33405	39205	3919	5047	5800	1.0000	0.0008
Āyurvedadīpikā	400	2934	22605	38924	4432	9656	16319	1.0000	0.0057
Kāṭhakasaṃhitā	174	8136	34559	38894	3364	3861	4335	1.0000	0.0000
Manusmṛti	12	5229	31358	37660	5674	5217	6302	1.0000	0.2483
Daśakumāracarita	14	2129	19257	35188	6403	8767	15931	1.0000	0.0136
Āpastambaśrautasūtra	227	4142	29285	33857	4414	4072	4572	1.0000	0.0008
Harṣacarita	6	1343	18450	33503	6436	7050	15053	1.0000	0.0000
Rasārṇava	18	4706	21528	31936	4058	7356	10408	1.0000	0.8355
Saddharmapuṇḍarīkasūtra	18	2366	21007	31908	2910	6751	10901	1.0000	0.0000
Atharvaveda (Paippalāda)	257	4099	28966	31212	3653	2078	2246	1.0000	0.2051
Gopathabrāhmaṇa	233	4425	26889	30459	3186	3138	3570	1.0000	0.0024
Mugdhāvabodhinī	368	2340	19512	30166	3574	7132	10654	1.0000	0.1412
Pañcaviṃśabrāhmaṇa	169	2629	26271	29329	2865	2650	3058	1.0000	0.0042
Haribhaktivilāsa	5	4223	20621	28884	4670	5494	8263	1.0000	0.0041
Rasaratnasamuccaya	18	3840	17040	28096	4807	6903	11056	1.0000	0.5755
Vaikhānasaśrautasūtra	199	2525	22074	26794	3518	3940	4720	1.0000	0.0000
Lalitavistara	14	1860	14842	25309	3785	5682	10467	1.0000	0.0216
Vārāhaśrautasūtra	70	3265	20973	25108	3773	3615	4135	1.0000	0.0000
Hitopadeśa	5	3432	20100	25040	3781	3940	4940	1.0000	0.0086
Pañcārthabhāṣya	168	3360	15214	23412	3125	5154	8198	1.0000	0.0355
Kauśikasūtra	141	3394	19118	22833	3832	3067	3715	1.0000	0.0039
Mṛgendraṭīkā	257	1711	13474	22416	3311	5198	8942	1.0000	0.0394
Jaiminīya-Upaniṣad-Brāhmaṇa	145	2939	20098	22367	1890	1980	2269	1.0000	0.0000
Bhāradvājaśrautasūtra	155	3013	18833	22148	3059	2869	3315	1.0000	0.0000
Śāṅkhāyanaśrautasūtra	209	3307	18096	20886	3299	2466	2790	1.0000	0.0000
Arthaśāstra	60	2071	13727	20415	4500	3912	6688	1.0000	0.0230
Avadānaśataka	22	1496	14895	19890	1853	3388	4995	1.0000	0.0130
Viṣṇusmṛti	100	3328	13558	19296	4289	3777	5738	1.0000	0.0556
Buddhacarita	14	2069	12325	19065	3648	4391	6740	1.0000	0.0115
Bṛhadāraṇyakopaniṣad	47	2561	17503	19014	1985	1369	1511	1.0000	0.0854
Saundarānanda	18	2128	12112	19008	3794	4595	6896	1.0000	0.0081
Kāmasūtra	36	2356	12957	18909	3865	4105	5952	1.0000	0.0655
Kirātārjunīya	18	2079	12806	18439	4552	3648	5633	1.0000	0.0213
Rasendracūḍāmaṇi	13	2469	10860	17920	3599	4349	7060	1.0000	0.8605
Skandapurāṇa	24	2408	10989	16479	3056	3762	5490	1.0000	0.0373
Mīmāṃsāsūtrabhāṣya	120	1759	12332	16044	1701	2904	3712	1.0000	0.0000
Chāndogyopaniṣad	153	2270	14826	15905	1750	967	1079	1.0000	0.0130
Vājasaneyisaṃhitā (Mādhyandina)	15	2516	14472	15687	2555	1142	1215	1.0000	0.0000
Rasaprakāśasudhākara	13	2121	10156	15610	2882	3827	5454	1.0000	0.7429
Aṣṭādhyāyī	32	3982	9338	15455	4158	3208	6117	1.0000	0.9926
Kauṣītakibrāhmaṇa	116	2570	13650	15331	1879	1501	1681	1.0000	0.0000
Taittirīyabrāhmaṇa	62	3588	13735	15064	1767	1212	1329	1.0000	0.0000
Baudhāyanagṛhyasūtra	50	1498	12039	14999	2680	2290	2960	1.0000	0.0004
Śārṅgadharasaṃhitādīpikā	108	1821	9295	14766	2485	3670	5471	1.0000	0.9029
Baudhāyanadharmasūtra	57	2151	11639	14751	2964	2277	3112	1.0000	0.0007
Gokarṇapurāṇasāraḥ	12	2198	11990	14697	2658	2277	2707	1.0000	0.0256
Kātyāyanasmṛti	1	1966	11320	14317	2462	2293	2997	1.0000	0.0078
Yājñavalkyasmṛti	3	2020	10653	14280	3616	2441	3627	1.0000	0.0165
Tantrasāra	22	732	9487	14215	2544	2764	4728	1.0000	0.0167
Bodhicaryāvatāra	10	1824	8622	13770	2769	3258	5148	1.0000	0.0420
Laṅkāvatārasūtra	2	1071	7309	13599	1933	3175	6290	1.0000	0.0034
Nāradasmṛti	22	1861	10634	13336	2700	2009	2702	1.0000	0.0091
Rasendracintāmaṇi	8	1706	7958	13310	3144	3325	5352	1.0000	0.9045
Bhāvaprakāśa	5	1839	8339	13064	3048	2644	4725	1.0000	0.5914
Śāṅkhāyanāraṇyaka	145	1577	10974	12747	1855	1510	1773	1.0000	0.0026
Rasamañjarī	10	1740	8231	12579	2729	3022	4348	1.0000	0.7168
Kātyāyanaśrautasūtra	84	2233	9881	12528	2648	2013	2647	1.0000	0.0000
Rasaratnasamuccayaṭīkā	190	1211	7013	12180	2109	3011	5167	1.0000	0.4528
Amarakośa	2	1888	8601	11968	7039	2309	3367	1.0000	0.1688
Āryāsaptaśatī	2	1464	8016	11811	3198	2308	3795	1.0000	0.0041
Bhāradvājagṛhyasūtra	81	1188	9503	11643	2347	1828	2140	1.0000	0.0000
Uḍḍāmareśvaratantra	15	1148	8381	10923	2487	1812	2542	1.0000	0.0059
Drāhyāyaṇaśrautasūtra	60	1511	8590	10724	2243	1703	2134	1.0000	0.0000
Spandakārikānirṇaya	41	611	6019	10650	1985	2510	4631	1.0000	0.0069
Hiraṇyakeśigṛhyasūtra	49	1204	8559	10383	2132	1428	1824	1.0000	0.0002
Aitareya-Āraṇyaka	58	937	9238	10283	1583	927	1045	1.0000	0.0000
Kumārasaṃbhava	8	1225	7208	10261	3292	2025	3053	1.0000	0.0142
Sātvatatantra	9	1416	6589	10061	2812	2132	3472	1.0000	0.0411
Yogasūtrabhāṣya	137	1029	6751	10012	1805	2169	3261	1.0000	0.0022
Vasiṣṭhadharmasūtra	30	1430	7671	10009	2542	1732	2338	1.0000	0.0000
Sāṃkhyakārikābhāṣya	70	1289	7076	9994	1466	1924	2918	1.0000	0.0067
Śukasaptati	29	1212	6960	9678	2055	2016	2718	1.0000	0.0091
Vaitānasūtra	43	1264	8394	9422	2260	847	1028	1.0000	0.0000
Āpastambadharmasūtra	61	1392	7625	9297	2348	1276	1672	1.0000	0.0000
Sarvāṅgasundarā	123	938	5909	9102	1904	2075	3193	1.0000	0.0065
Śatakatraya	3	648	6072	8702	2900	1558	2630	1.0000	0.0162
Vaiśeṣikasūtravṛtti	337	742	4924	8680	1220	2255	3756	1.0000	0.0033
Agnipurāṇa	25	1232	6183	8363	2296	1642	2180	1.0000	0.0466
Tantrākhyāyikā	2	1102	6281	8311	2022	1438	2030	1.0000	0.0066
Śāṅkhāyanagṛhyasūtra	96	1055	7315	8282	2150	807	967	1.0000	0.0002
Parāśaradharmasaṃhitā	12	1147	6436	8183	1959	1394	1747	1.0000	0.0207
Vaikhānasagṛhyasūtra	62	506	5819	8163	1834	1611	2344	1.0000	0.0021
Pāraskaragṛhyasūtra	51	803	6810	8131	2041	1018	1321	1.0000	0.0000
Rasahṛdayatantra	19	1035	4861	8120	1835	1904	3259	1.0000	0.7817
Mānavagṛhyasūtra	41	949	6626	7957	2018	1082	1331	1.0000	0.0000
Rasakāmadhenu	3	1107	4926	7875	1801	1923	2949	1.0000	0.2136
Nāṭyaśāstra	5	1137	5025	7849	1936	1851	2824	1.0000	0.0256
Atharvaprāyaścittāni	43	984	6855	7848	1710	852	993	1.0000	0.0005
Mātṛkābhedatantra	14	1181	6044	7842	1572	1464	1798	1.0000	0.0432
Rasādhyāyaṭīkā	81	686	5393	7780	1266	1646	2387	1.0000	0.2229
Saṅghabhedavastu	1	218	6195	7642	1474	1115	1447	1.0000	0.0182
Parāśarasmṛtiṭīkā	16	1369	5077	7596	1845	1714	2519	1.0000	0.0811
Ṣaḍviṃśabrāhmaṇa	48	1059	6547	7540	1438	833	993	1.0000	0.0000
Ṛgvedakhilāni	64	941	6804	7505	2004	637	701	1.0000	0.0004
Gobhilagṛhyasūtra	39	1015	6421	7399	1872	812	978	1.0000	0.0001
Nibandhasaṃgraha	71	1386	3029	7356	1775	890	4327	1.0000	0.0090
Kāṭhakagṛhyasūtra	73	864	6391	7324	1940	826	933	1.0000	0.0010
Jaiminigṛhyasūtra	33	766	6076	7109	1836	864	1033	1.0000	0.0037
Āśvalāyanagṛhyasūtra	54	799	6237	7046	1921	655	809	1.0000	0.0044
Taittirīyāraṇyaka	33	1270	6478	6957	1318	441	479	1.0000	0.0000
Dhanvantarinighaṇṭu	4	1062	4643	6939	2673	1270	2296	1.0000	0.2022
Rasādhyāya	1	971	4588	6641	1557	1514	2053	1.0000	0.9468
Mūlamadhyamakārikāḥ	27	878	5149	6547	811	1091	1398	1.0000	0.0000
Yogaratnākara	1	848	3926	6481	1765	1531	2555	1.0000	0.0353
Rasaratnasamuccayabodhinī	188	587	3764	6430	1567	1687	2666	1.0000	0.5504
Āśvālāyanaśrautasūtra	36	679	5620	6246	1687	533	626	1.0000	0.0000
Madanapālanighaṇṭu	3	977	4051	6186	2447	1024	2135	1.0000	0.1769
Gītagovinda	12	692	3944	6020	1722	1087	2076	1.0000	0.0309
Kaṭhāraṇyaka	9	934	5324	5961	1061	561	637	1.0000	0.0000
Sāṃkhyatattvakaumudī	14	634	3885	5937	1205	1264	2052	1.0000	0.0116
Gautamadharmasūtra	28	933	4256	5696	2051	834	1440	1.0000	0.0197
Rasendrasārasaṃgraha	1	817	3719	5676	1705	1370	1957	1.0000	0.9579
Haṭhayogapradīpikā	4	797	4284	5659	1699	984	1375	1.0000	0.0196
Śārṅgadharasaṃhitā	3	812	3556	5617	1371	1408	2061	1.0000	0.9541
Kāvyālaṃkāra	6	801	3312	5593	1953	1398	2281	1.0000	0.0282
Narmamālā	3	816	3080	5583	2227	1409	2503	1.0000	0.0025
Toḍalatantra	10	849	3875	5463	1384	1237	1588	1.0000	0.0108
Ratnaṭīkā	11	514	3287	5445	1342	1275	2158	1.0000	0.0358
Gheraṇḍasaṃhitā	7	788	4190	5381	1542	948	1191	1.0000	0.0071
Śivasūtravārtika	73	756	3207	5345	1415	1078	2138	1.0000	0.0109
Śyainikaśāstra	7	745	3176	5276	1945	1318	2100	1.0000	0.0087
Vaikhānasadharmasūtra	41	428	3550	5213	1704	1077	1663	1.0000	0.0489
Sāmavidhānabrāhmaṇa	25	521	4480	5185	1319	580	705	1.0000	0.0000
Vārāhagṛhyasūtra	17	649	4123	4840	1529	605	717	1.0000	0.0368
Gūḍhārthadīpikā	95	615	3325	4822	1486	1087	1497	1.0000	0.9117
Rasārṇavakalpa	1	708	3242	4798	1246	1165	1556	1.0000	0.0160
Kokilasaṃdeśa	2	324	2632	4640	1978	1155	2008	1.0000	0.0116
Aṣṭāvakragīta	20	617	3630	4572	1111	729	942	1.0000	0.0101
Rasasaṃketakalikā	5	610	2735	4546	1516	1151	1811	1.0000	0.4410
Aṣṭāṅganighaṇṭu	1	814	3742	4477	3022	467	735	1.0000	0.1896
Abhidhānacintāmaṇi	3	677	2793	4471	2842	982	1678	1.0000	0.1642
Kāvyādarśa	2	650	3200	4462	1695	858	1262	1.0000	0.0128
Ayurvedarasāyana	68	561	2558	4113	1095	954	1555	1.0000	0.0063
Kālikāpurāṇa	5	593	2869	4093	1354	890	1224	1.0000	0.0928
Jaiminīyaśrautasūtra	26	531	3476	4088	1130	525	612	1.0000	0.0000
Haṃsadūta	1	284	2345	3906	1632	879	1561	1.0000	0.0054
Kṛṣiparāśara	1	530	2544	3863	1295	917	1319	1.0000	0.0287
Nirukta	31	799	2928	3713	1077	669	785	1.0000	0.0011
Saṃvitsiddhi	1	443	2197	3403	872	704	1206	1.0000	0.0000
Nyāyasūtra	10	535	1611	3396	806	919	1785	1.0000	0.0082
Meghadūta	2	244	2221	3393	1620	751	1172	1.0000	0.0442
Khādiragṛhyasūtra	19	488	3103	3358	1161	188	255	1.0000	0.0003
Mṛgendratantra	12	459	2070	3328	1168	792	1258	1.0000	0.0412
Kṛṣṇāmṛtamahārṇava	1	487	2614	3304	1056	506	690	1.0000	0.0109
Janmamaraṇavicāra	1	343	2263	3259	1274	613	996	1.0000	0.0049
Amaruśataka	1	212	1981	3221	1353	774	1240	1.0000	0.0239
Dhanurveda	1	454	2226	3140	1128	694	914	1.0000	0.0268
Ṛtusaṃhāra	6	316	1628	3133	1306	778	1505	1.0000	0.1420
Āpastambagṛhyasūtra	23	365	2801	3132	1066	268	331	1.0000	0.0010
Kāśikāvṛtti	45	518	2199	2875	787	499	676	1.0000	0.1517
Bhallaṭaśataka	1	206	2076	2810	1298	432	734	1.0000	0.0153
Rasataraṅgiṇī	3	374	1666	2684	947	659	1018	1.0000	0.1401
Abhinavacintāmaṇi	2	332	1871	2604	1068	523	733	1.0000	0.0054
Nāṭyaśāstravivṛti	3	302	1438	2603	819	672	1165	1.0000	0.0338
Taittirīyopaniṣad	31	510	2007	2462	511	343	455	1.0000	0.0028
Sūryaśatakaṭīkā	17	362	1461	2328	901	529	867	1.0000	0.0601
Aṣṭāṅgasaṃgraha	3	246	1148	2187	861	544	1039	1.0000	0.0366
Śvetāśvataropaniṣad	6	223	2132	2147	762	7	15	1.0000	0.1211
Sūryasiddhānta	2	278	1275	2142	634	495	867	1.0000	0.0229
Vaiśeṣikasūtra	17	385	1158	2133	425	562	975	1.0000	0.0042
Kaṭhopaniṣad	6	257	1828	2129	695	273	301	1.0000	0.0216
Vātūlanāthasūtravṛtti	13	106	962	2062	705	460	1100	1.0000	0.0015
Nighaṇṭuśeṣa	1	411	1708	2003	1607	228	295	1.0000	0.0509
Tarkasaṃgraha	1	323	1222	1978	488	437	756	1.0000	0.0116
Commentary on the Kādambarīsvīkaraṇasūtramañjarī	32	124	1213	1902	608	466	689	1.0000	0.0079
Viṃśatikāvṛtti	39	184	1118	1860	465	428	742	1.0000	0.0011
Kaiyadevanighaṇṭu	1	297	1267	1826	925	266	559	1.0000	0.9628
Paraśurāmakalpasūtra	3	93	991	1722	806	391	731	1.0000	0.0192
Atharvavedapariśiṣṭa	8	245	1292	1695	761	308	403	1.0000	0.0000
Haṃsasaṃdeśa	1	120	1101	1631	980	378	530	1.0000	0.0043
Ṭikanikayātrā	9	191	1054	1615	812	344	561	1.0000	0.1034
Śira'upaniṣad	1	104	1436	1585	422	134	149	1.0000	0.1079
Nāḍīparīkṣā	1	195	1027	1554	646	364	527	1.0000	0.0013
Gṛhastharatnākara	6	204	1025	1542	496	322	517	1.0000	0.0058
Gorakṣaśataka	1	201	1187	1469	683	218	282	1.0000	0.0231
Ratnadīpikā	4	214	928	1468	632	352	540	1.0000	0.0381
Muṇḍakopaniṣad	6	143	1279	1285	508	4	6	1.0000	0.0101
Devīkālottarāgama	1	169	824	1263	545	295	439	1.0000	0.0103
Mānavaśrautasūtra	3	155	1022	1221	578	182	199	1.0000	0.0000
Caurapañcaśikā	1	100	639	1183	622	264	544	1.0000	0.0093
Yogasūtra	4	186	599	1144	528	299	545	1.0000	0.0350
Abhidharmakośa	2	147	635	1091	431	269	456	1.0000	0.0009
Sāṃkhyakārikā	1	146	736	1073	484	221	337	1.0000	0.0233
Sarvadarśanasaṃgraha	1	116	595	1052	500	261	457	1.0000	0.5238
Smaradīpikā	1	124	688	1031	459	237	343	1.0000	0.0068
Amaraughaśāsana	1	81	607	1020	469	234	413	1.0000	0.0157
Nyāyabhāṣya	7	87	640	958	383	209	318	1.0000	0.0010
Maṇimāhātmya	1	127	612	913	383	196	301	1.0000	0.0131
Acintyastava	1	119	676	910	309	177	234	1.0000	0.0022
Mukundamālā	1	68	493	909	563	203	416	1.0000	0.0077
Trikāṇḍaśeṣa	1	161	678	904	691	171	226	1.0000	0.0819
Kauṣītakyupaniṣad	2	149	739	864	319	100	125	1.0000	0.0046
Aitareyopaniṣad	13	141	848	848	256	0	0	1.0000	0.0012
Hiraṇyakeśiśrautasūtra	5	78	685	831	415	129	146	1.0000	0.0000
Śivapurāṇa	1	85	555	827	418	186	272	1.0000	0.4970
Vetālapañcaviṃśatikā	1	102	579	814	476	151	235	1.0000	0.7604
Śikṣāsamuccaya	1	107	520	792	394	169	272	1.0000	0.0088
Bījanighaṇṭu	1	118	603	774	435	126	171	1.0000	0.0594
Ṛgvidhāna	12	98	707	772	375	53	65	1.0000	0.0000
Rājamārtaṇḍa	15	75	486	765	339	167	279	1.0000	0.0000
Spandakārikā	4	104	480	757	370	184	277	1.0000	0.0132
Commentary on Amaraughaśāsana	10	60	450	673	401	131	223	1.0000	0.0000
Kauṣītakagṛhyasūtra	4	88	505	641	343	109	136	1.0000	0.0000
Varāhapurāṇa	1	91	453	622	309	134	169	1.0000	0.0579
Agastīyaratnaparīkṣā	1	86	459	608	330	96	149	1.0000	0.0888
Sūryaśataka	1	34	313	597	444	127	284	1.0000	0.1407
Garbhopaniṣat	1	35	414	559	320	94	145	1.0000	0.3792
Mahācīnatantra	1	84	430	546	305	85	116	1.0000	0.0330
Kauśikasūtradārilabhāṣya	32	95	375	522	268	116	147	1.0000	0.0000
Narasiṃhapurāṇa	1	73	398	503	254	82	105	1.0000	0.0159
Pāśupatasūtra	5	152	343	499	303	109	156	1.0000	0.0601
Vṛddhayamasmṛti	2	68	341	442	275	82	101	1.0000	0.0136
Śāktavijñāna	1	60	299	427	247	101	128	1.0000	0.1171
Commentary on the Kāvyālaṃkāravṛtti	17	58	226	398	201	100	172	1.0000	0.0000
Sphuṭārthāvyākhyā	1	31	209	379	136	93	170	1.0000	0.0000
Rasikapriyā	1	35	177	346	281	79	169	1.0000	0.0029
Viṃśatikākārikā	1	45	200	343	183	81	143	1.0000	0.0029
Brahmabindūpaniṣat	1	44	265	322	179	46	57	1.0000	0.0559
Kauśikasūtrakeśavapaddhati	20	38	238	313	171	62	75	1.0000	0.0000
Prasannapadā	6	35	186	303	110	79	117	1.0000	0.0000
Śivasūtra	3	74	179	299	201	84	120	1.0000	0.0167
Nādabindūpaniṣat	1	40	226	274	191	42	48	1.0000	0.8613
Kādambarīsvīkaraṇasūtramañjarī	1	33	149	266	165	73	117	1.0000	0.0338
Nyāyabindu	2	36	164	237	118	42	73	1.0000	0.0000
Bhramarāṣṭaka	1	16	146	216	152	57	70	1.0000	0.0000
Paramānandīyanāmamālā	1	36	136	211	176	46	75	1.0000	0.0427
Bhadrabāhucarita	1	32	143	210	175	46	67	1.0000	0.0048
Bhairavastava	1	21	119	204	148	38	85	1.0000	0.0098
Tattvavaiśāradī	1	17	121	203	116	50	82	1.0000	0.0000
Devīmāhātmya	1	30	134	192	133	41	58	1.0000	0.0000
Ṛgvedavedāṅgajyotiṣa	1	24	127	185	129	41	58	1.0000	0.0378
Rasikasaṃjīvanī	1	17	99	166	124	35	67	1.0000	0.0000
Carakatattvapradīpikā	1	7	59	121	63	29	62	1.0000	0.0000
Abhidharmakośabhāṣya	1	8	75	118	63	24	43	1.0000	0.0000
Amṛtabindūpaniṣat	1	15	79	97	70	10	18	1.0000	0.1649
Gaṇakārikā	1	12	63	95	69	22	32	1.0000	0.0211
Vātūlanāthasūtras	1	13	33	84	72	27	51	1.0000	0.0000
Rasaratnasamuccayadīpikā	1	8	57	82	51	18	25	1.0000	0.0000
Kāvyālaṃkāravṛtti	2	17	43	71	50	18	28	1.0000	0.0423
Padārthacandrikā	1	8	17	28	24	9	11	1.0000	0.0357
Indu (ad AHS)	1	3	9	18	17	4	9	1.0000	0.8889
